Item ID,GUID,Name,Number,Imported ID,Base Price,Created Date,Archived,Modifier,SKU,PLU
1600000000100320601,00cd9e8b-d789-412b-ae94-ec5d9c842924,sour skittles,1600000000100320602,,3.00,10/6/2025,No,No,04026606,
1600000000669477522,01f496d6-024e-4cac-aae0-2bb3d6d02d0f,Cookie,1600000000669477523,,4.00,12/18/2025,No,No,,
1600000000047764553,037c7261-9c08-494d-af1c-ca094e701632,$ham,1600000000047758440,,2.00,9/17/2025,No,Yes,,
1600000000065039304,047391ac-9385-4d7e-91c7-c9306da45a3f,coke,1600000000065039305,,3.00,9/25/2025,No,No,0496340,
1600000000885927923,052b43e4-c7d3-4cff-93a8-7c25b4f3994a,Celsius Tropical,1600000000886109566,,4.00,1/7/2026,No,No,889392021394,
1600000000047668557,05f26c6e-c0c3-4ea7-94a6-85361dfdc529,Pasta Salad,1600000000047635075,,0.00,9/17/2025,No,Yes,,
1600000000065049158,06368324-baac-4a9f-a0bc-e17026bd8a30,Sprite 7.5 oz,1600000000065049159,,1.75,9/25/2025,No,No,049000061062,
1600000000100984827,07729065-53e4-4020-a456-34c5998373f8,tropical skittles,1600000000100984828,,3.00,10/6/2025,No,No,040000001638,
1600000000049295135,078e9d92-87e1-44e4-8ccc-7d4dc1c3e5f4,Cuban Panini,1600000000049392622,,15.00,9/18/2025,No,No,,
1600000000100982635,07bac8ab-7099-4a18-b16b-024555074d25,crumb donuts,1600000000100982636,,3.00,10/6/2025,No,No,035751118285,
1600000000047664733,08eef2b5-6597-4559-8b8f-5d6188335d3f,Caesar dressing,1600000000047648844,,0.00,9/17/2025,No,Yes,,
1600000000047066647,0b229f1b-ccbe-46bd-b710-0b55504ea8e8,French toast casserole,1600000000047204225,,13.00,9/17/2025,No,No,,
1600000000100984841,0b798fc9-f865-49aa-b97e-c85d7d9c2225,m&m's,1600000000100984842,,3.00,10/6/2025,No,No,040000000310,
1600000000047526514,0b7a8c17-7d3a-41b0-b05d-1b95cf902245,Chicken salad BLT,1600000000047495283,,14.00,9/17/2025,No,No,675548975372,
1600000000047211593,0cdbba83-1d45-4bae-9444-3d34d6f38e34,Dirty Chai,1600000000047187381,,6.00,9/17/2025,No,No,,
1600000000065042039,0d2fb205-b726-45e7-9556-23083ccfb2c3,Arizona mango,1600000000065042040,,3.00,9/25/2025,No,No,613008751333,
1600000000100289016,0d4f0669-c96d-4a50-ba77-4094682da2d2,lime jarrito,1600000000100289017,,3.95,10/6/2025,No,No,090478410050,
1600000000100358726,0d70ce5d-6b3d-407f-8509-89f44adccead,100 grand,1600000000100358727,,3.00,10/6/2025,No,No,099900694235,
1600000000047526508,0d8bad7e-56aa-46f7-b1e1-f0328b8aef2b,Cuban Panini,1600000000047495277,,15.00,9/17/2025,No,No,676582390893,
1600000000047702861,0db2cacc-89a8-4754-a1e3-6c10e02dd9ea,$double chicken,1600000000047717951,,5.00,9/17/2025,No,Yes,,
1600000000100982641,0df4e72a-cb9d-4ba1-b921-576a80f2aae3,chili roasted,1600000000100982642,,2.50,10/6/2025,No,No,014113910934,
1600000000047211591,0ecd6ed5-5b72-43da-823d-c12506e78151,Banana cold foam,1600000000047187379,,6.00,9/17/2025,No,No,,
1600000000047746184,1038cd32-77fc-4a57-969e-a243fc862700,No mustard,1600000000047773763,,0.00,9/17/2025,No,Yes,,
1600000000049295140,10965e0d-af4e-4ef0-8970-f9affbc12948,Classic Club,1600000000049392627,,15.00,9/18/2025,No,No,,
1600000000047717966,109d884d-4f71-4929-85f6-c21743ee36d5,$walnuts,1600000000047740710,,1.50,9/17/2025,No,Yes,,
1600000000047746181,10e7c9b2-1e66-443e-a3c6-cd3607ca5093,No tomato,1600000000047773760,,0.00,9/17/2025,No,Yes,,
1600000000047492383,120f728d-7fc5-4dab-8fa4-f0e5be0806a7,Jamaican Me Crazy,1600000000047536579,,6.95,9/17/2025,No,No,,
1600000000100984821,12c168a7-c242-44d4-9913-592b3bcc2f37,skittles wild berry,1600000000100984822,,3.00,10/6/2025,No,No,040000001621,
1600000000047154136,13692763-c1c3-40d9-89d5-67017dba0bd9,Twisted lemonade,1600000000047211959,,5.00,9/17/2025,No,No,,
1600000000100387185,169fdd3f-6857-4faf-a657-71fe65804472,Doritos,1600000000100387186,,1.00,10/6/2025,No,No,028400090896,
1600000000047287670,1719cd2d-addd-41e2-bca8-f5ad91264ef4,Frozen Mocha Java,1600000000047267612,,6.95,9/17/2025,No,No,,
1600000000047717968,1847e475-d7ef-4cc9-a15b-5ad11c3608c7,$cotija cheese,1600000000047740712,,0.25,9/17/2025,No,Yes,,
1600000000389549112,18d381b6-e225-4e6e-98ee-b62ac94ffc98,Funyuns Flamin Hot,1600000000389134018,,1.50,11/19/2025,No,No,028400089326,
1600000000047200940,1a8caf21-ebaf-4b56-961d-f45b4a536498,Trail Mix,1600000000047517983,,4.00,9/17/2025,No,No,,
1600000000388792108,1b8d4058-2f68-40ee-b498-095cdae34f59,Egg Salad Special,1600000000388426760,,7.00,11/19/2025,No,No,1111111113,
1600000000100982631,1c5be7b9-0105-4f01-ac1d-11a60dc1380c,Nilla wafferers,1600000000100982632,,10.00,10/6/2025,No,No,044000027346,
1600000000100327576,1d95a8e7-8c7c-49e8-b83e-0110975475fc,starburst favereds,1600000000100327577,,3.00,10/6/2025,No,No,040000009702,
1600000000047664734,1e204bd2-5638-4ed3-980d-0ff17174a24b,Strawberry poppy seed,1600000000047648845,,0.00,9/17/2025,No,Yes,,
1600000000047211590,1f3f3ec2-eadb-413f-95d3-da46d003b725,Carmel Macchiatto,1600000000047187378,,6.00,9/17/2025,No,No,,
1600000000047154134,1f672ae8-bfd0-458a-9a0c-cf1e5d1d443e,Iced tea,1600000000047211957,,4.00,9/17/2025,No,No,,
1600000000047764552,208864d0-5cc3-4644-ab06-e42f37136d15,$peppers,1600000000047758439,,0.25,9/17/2025,No,Yes,,
1600000000047670870,2187dd5d-771a-4e26-94f9-6d24fb53442a,crunchy tortilla strips,1600000000047728366,,0.00,9/17/2025,No,Yes,,
1600000000047717967,21add963-f6b9-410b-82b9-25a00e9ecf33,$roasted corn,1600000000047740711,,0.25,9/17/2025,No,Yes,,
1600000000047670868,238c1377-a43a-47d7-96ad-ba504dbcb006,avocado,1600000000047728364,,0.00,9/17/2025,No,Yes,,
1600000000047653014,2421c829-1d26-49c3-ab28-f1aa67d21826,fresh fruit,1600000000047655280,,0.00,9/17/2025,No,No,,
1600000000100547201,2487dd51-8d5f-40b3-a7b5-9fe8d2adc2ab,waterloo tropical ,1600000000100547202,,0.00,10/6/2025,No,No,819215022048,
1600000000047130465,254bf901-f901-4cea-beb2-45fafc01fdc7,Bagel box,1600000000047099745,,10.00,9/17/2025,No,No,,
1600000000100345463,255d21ec-1433-4a21-a301-56c081a444fa,m&m's,1600000000100345464,,3.00,10/6/2025,No,No,040000000310,
1600000000047668558,2619b15b-6fd0-4819-90b5-82a6224fbd87,Fresh fruit,1600000000047635076,,0.00,9/17/2025,No,Yes,,
1600000000100314116,2776757b-a5f9-4e3c-bea5-c878046e1ff2,hi chew green apple,1600000000100314117,,2.50,10/6/2025,No,No,873983000035,
1600000000047746188,2835f4d2-5b8a-47b9-bc62-3340bb115fb9,No avocado,1600000000047773767,,0.00,9/17/2025,No,Yes,,
1600000000100984809,28a32163-e280-4c93-a58f-567cbbc940f8,aussie bites,1600000000100984810,,1.00,10/6/2025,No,No,731216104649,
1600000000047091276,28f41a5a-a322-4ae4-aa32-5657c1c89cfd,Chai,1600000000047147446,,5.00,9/17/2025,No,No,,
1600000000100254640,294adfbf-14df-4b64-8361-b48938e5cab6,pistachio salted,1600000000100254641,,2.50,10/6/2025,No,No,014113910712,
1600000000047670875,2b061ffa-6d58-4e9b-a91f-e1044087c15c,croutons,1600000000047728371,,0.00,9/17/2025,No,Yes,,
1600000000100984853,2bb1c872-f1a0-47e4-9730-bc20c8b34679,100 grand,1600000000100984854,,3.00,10/6/2025,No,No,099900694235,
1600000000100982625,2cb64c90-c280-4ef4-8b4f-c8cc06ddc28b,Lays,1600000000100982626,,1.00,10/6/2025,No,No,028400090858,
1600000000387841909,2d3c7781-9fe5-4bc6-ab28-2da46755f439,Brownie Special,1600000000387458391,,4.00,11/19/2025,No,No,1111111114,
1600000000047746172,2da3c294-bb84-485e-95b3-d4856788b27b,No grilled onion,1600000000047773751,,0.00,9/17/2025,No,Yes,,
1600000000049378342,2efd9d3c-4a6d-4d9f-aa80-df543382648e,Chips,1600000000049380064,,3.00,9/18/2025,No,No,,
1600000000100317788,2fe12003-7a56-4435-a0b1-01c8a7c15135,skittles,1600000000100317789,,3.00,10/6/2025,No,No,040000001607,
1600000000047746179,312f5572-957a-4402-935f-61998aef5484,No cheddar,1600000000047773758,,0.00,9/17/2025,No,Yes,,
1600000000049369216,31546ac2-55af-4b3f-980c-114ecf9ead53,Thai Pasta Chicken Salad,1600000000049364511,,15.00,9/18/2025,No,No,123456789128,
1600000000051420756,328d9835-f777-49f4-ba90-182e95fd5fe6,Raspberry Sauce,1600000000051420757,,2.00,9/19/2025,No,No,045796026629,
1600000000100206140,3384bd4a-fafe-45f7-9f75-9a3331df6a5b,coke glass,1600000000100206141,,4.75,10/6/2025,No,No,049000004632,
1600000000049295136,36a0e078-3960-4d34-a46d-05b67dbed3d9,California Turkey,1600000000049392623,,14.00,9/18/2025,No,No,,
1600000000388422633,37bc4cca-805b-4e4e-9abc-16d80b53d53e,Fruit Salad Special,1600000000390399451,,4.00,11/19/2025,No,No,1111111116,
1600000000047729898,394a2501-3e7f-4d4c-9429-3883c226ecc4,mustard,1600000000047758435,,0.00,9/17/2025,No,Yes,,
1600000000100379788,3a4bc0fe-6f08-4aa2-9581-ec6427eec251,cheetos,1600000000100379789,,1.00,10/6/2025,No,No,028400040112,
1600000000047200939,3a8ace2b-4b5d-4e3f-9ebf-87fa96fa1fcf,Lays,1600000000047517982,,1.00,9/17/2025,No,No,028400090858,
1600000000100286571,3ac36e28-de85-406e-a7cf-c1dd92f60444,pineapple jarrito,1600000000100286572,,3.95,10/6/2025,No,No,090478410043,
1600000000049369213,3b67e4b1-2a4b-4a5a-b9b4-f0711d42a872,Summer Berry,1600000000049364508,,15.00,9/18/2025,No,No,10000000021,
1600000000047702858,3bafba43-857c-4a72-9c69-0274ae6eb564,$parm cheese,1600000000047596498,,0.50,9/17/2025,No,Yes,,
1600000000047764550,3c0915c4-55d9-43e0-b88b-ed3395a1f236,$jalapeno,1600000000047758437,,0.75,9/17/2025,No,Yes,,
1600000000047201029,3c2bdcc6-43d3-414b-a758-d896ae4ce494,Breakfast sliders,1600000000047070037,,10.00,9/17/2025,No,No,,
1600000000065047693,3c404584-6aba-4978-a4a4-b75dd611536b,Cherry Coke 7.5oz,1600000000065047694,,1.75,9/25/2025,No,No,049000072303,
1600000000100347943,3d0c0dc8-871c-48a6-8509-994dbae7f289,3 musketeers,1600000000100347944,,3.00,10/6/2025,No,No,040000422082,
1600000000386964924,3e44e0e3-5a6d-427b-be73-1091d6c35650,Egg salad,1600000000386887140,,7.00,11/19/2025,No,No,1111111118,
1600000000100984837,3f06e9b9-a333-4bc8-8433-4204e81ad12d,island fruit,1600000000100984838,,2.75,10/6/2025,No,No,034856028918,
1600000000049302113,418e74ef-fe50-4de6-980b-22bbff2be543,coke-cola,1600000000049345967,,3.00,9/18/2025,No,No,,
1600000000100310062,4322ded5-2433-470a-a74d-edbeaf66cf42,hi chew mango,1600000000100310063,,2.50,10/6/2025,No,No,873983000059,
1600000000049302115,435c6da0-f060-4215-85e3-2a2c95ea1476,diet-coke,1600000000049345969,,3.00,9/18/2025,No,No,,
1600000000100982633,439cc003-a197-44bc-99ef-413c2b2648ae,Raspberry Sauce,1600000000100982634,,2.00,10/6/2025,No,No,045796026629,
1600000000100984843,43a74403-724d-4477-9e2a-b56eeadf1812,snickers,1600000000100984844,,3.00,10/6/2025,No,No,040000424314,
1600000000047746173,446995c4-63ee-46ea-96c0-a9e044b6c689,No chicken,1600000000047773752,,0.00,9/17/2025,No,Yes,,
1600000000047702855,454c67a4-d171-4174-9aa2-03cdc2dd4d44,$jalapenos,1600000000047596495,,0.50,9/17/2025,No,Yes,,
1600000000100335478,46c128f3-9280-48f7-8dbe-32be725e0066,island fruit,1600000000100335479,,2.75,10/6/2025,No,No,034856028918,
1600000000669454630,47488242-f9e2-456b-aecb-2737c73cad08,Brownie,1600000000669454631,,4.00,12/18/2025,No,No,,
1600000000100331949,4a2f5185-6a87-4c80-8cfc-fb41f8c593e0,fruit snacks,1600000000100334050,,2.75,10/6/2025,No,No,034856028987,
1600000000047670882,4beb1681-e98d-44fe-9603-7b641f326e1a,tomato,1600000000047728378,,0.00,9/17/2025,No,Yes,,
1600000000100984855,4c71734e-783d-4fde-946e-1791bd3400f8,butterfingers,1600000000100984856,,3.00,10/6/2025,No,No,099900100873,
1600000000047764554,4d7a9a56-4d88-4773-8c46-f6abad664ab7,$cucumbers,1600000000047758441,,0.50,9/17/2025,No,Yes,,
1600000000047670871,4dc4cc73-bcd8-49b2-8dd0-8c5e8a047427,Parm cheese,1600000000047728367,,0.00,9/17/2025,No,Yes,,
1600000000100375049,4e67cc17-1496-4cb1-8c1c-356bcf5a1eb5,ruffles,1600000000100377150,,1.00,10/6/2025,No,No,028400090148,
1600000000047066648,4e968ac6-3e7b-475c-a8f6-fc60565d960e,Fruit Parfait,1600000000047204226,,7.00,9/17/2025,No,No,,
1600000000047670877,500d2fa8-471b-447a-9540-42701aaf2b84,roasted corn,1600000000047728373,,0.00,9/17/2025,No,Yes,,
1600000000047746175,5097582c-09ef-48e4-a498-77c2cb2cbe63,No jalapeno,1600000000047773754,,0.00,9/17/2025,No,Yes,,
1600000000047670876,51ee50c6-3b92-4b21-8533-81dd1c9b725a,walnuts,1600000000047728372,,0.00,9/17/2025,No,Yes,,
1600000000047729890,5379b323-502b-45ae-94c8-2d1a5a431d8d,$mozarella,1600000000047758427,,1.00,9/17/2025,No,Yes,,
1600000000101109665,5385d4c9-bc07-40e0-9029-70d4b6a2d026,pure life water,1600000000101109666,,1.50,10/6/2025,No,No,06827465,
1600000000100984849,55c5565f-aecd-48a0-b29e-272e1cb5fab1,Bready Nutella,1600000000100984850,,3.00,10/6/2025,No,No,009800820023,
1600000000047670874,56006835-768c-420f-8299-992a67b0dab7,berries,1600000000047728370,,0.00,9/17/2025,No,Yes,,
1600000000100228874,56cec849-1cfd-4bac-9ed1-47a60aa82201,crumb donuts,1600000000100228875,,3.00,10/6/2025,No,No,035751118285,
1600000000049323642,56e85135-53ba-4a08-a9f0-de176ff0dc84,Parfait,1600000000049302133,,7.00,9/18/2025,No,No,345678912355,
1600000000047170998,58259b48-97a1-4e64-802e-188c682ebf04,passionfruit,1600000000047456606,,0.00,9/17/2025,No,Yes,,
1600000000386964925,58853e96-cec0-49ca-adb9-a3688ab1acf6,Club,1600000000386887141,,8.00,11/19/2025,No,No,1111111111,
1600000000047201028,591c5c31-524f-4376-9c04-98c502679382,Breakfast burrito,1600000000047070036,,10.00,9/17/2025,No,No,,
1600000000100354826,5d640ab6-c13c-4b42-96bd-057f19fc5bf3,Bready Nutella,1600000000100354827,,3.00,10/6/2025,No,No,009800820023,
1600000000100982643,5e48f3a9-746d-4a8f-b77e-11184429a03b,japanese peanuts,1600000000100982644,,2.50,10/6/2025,No,No,028400261555,
1600000000047170995,5ebaad97-feee-41e8-89f9-c476f8b4a9c8,strawberry,1600000000047456603,,0.00,9/17/2025,No,Yes,,
1600000000047670873,5f38f2d2-cf1e-41ad-bf5e-2e4fa5ec7fe8,feta cheese,1600000000047728369,,0.00,9/17/2025,No,Yes,,
1600000000049369214,5f986cfe-f82f-4d66-9367-a2978de3cc51,Cilantro-Lime Salad,1600000000049364509,,15.00,9/18/2025,No,No,100000000021,
1600000000100982645,60f43885-4708-48b6-a351-7864f6faace5,spicy peanuts,1600000000100982646,,2.50,10/6/2025,No,No,028400261548,
1600000000100317956,61078495-9cd9-4728-a7ee-b7b9f758b103,skittles wild berry,1600000000100317957,,3.00,10/6/2025,No,No,040000001621,
1600000000047746176,6258d494-f7bb-4950-a911-a54423b353ab,No cucumbers,1600000000047773755,,0.00,9/17/2025,No,Yes,,
1600000000049295138,62687222-9e50-45cc-ade0-0825e0e2a082,Chicken Pita Pocket,1600000000049392625,,14.00,9/18/2025,No,No,,
1600000000049302114,62d3b48f-c0e3-4a10-833a-938d503a9fbc,sprite,1600000000049345968,,3.00,9/18/2025,No,No,,
1600000000047764555,62f28309-8952-4426-aa99-7f606a267dea,$tomato,1600000000047758442,,0.25,9/17/2025,No,Yes,,
1600000000047729896,6513332f-4774-4527-b142-ffdd98f55524,$swiss,1600000000047758433,,1.00,9/17/2025,No,Yes,,
1600000000047729894,65aaaeab-2ffe-4d25-9224-4994267f85d7,$pickles,1600000000047758431,,0.50,9/17/2025,No,Yes,,
1600000000100984807,6841b07a-500a-4398-80ef-af003a0cb327,pain au chocolat,1600000000100984808,,2.50,10/6/2025,No,No,850004281123,
1600000000100984803,693007e3-89b0-4272-b71e-3d20af452bb0,double stuf oreo mini,1600000000100984804,,1.25,10/6/2025,No,No,044000060718,
1600000000867432005,6930d10f-ba1a-468d-8247-58791afa72da,Protein Powder,1600000000867432006,,3.00,1/5/2026,No,No,,
1600000000100984861,6993f501-3d3d-4212-a92a-36a43e0a3c84,sour cream & onion,1600000000100984862,,1.00,10/6/2025,No,No,028400090889,
1600000000100984845,69b6c683-8cdd-4460-b0be-6233254ad455,3 musketeers,1600000000100984846,,3.00,10/6/2025,No,No,040000422082,
1600000000047664738,6b1bf6fe-ce5b-426c-913a-87bcfeb678ac,Italian,1600000000047648849,,0.00,9/17/2025,No,Yes,,
1600000000047764551,6b3e6d1f-348b-4361-941f-550118d82a9d,$bacon,1600000000047758438,,3.00,9/17/2025,No,Yes,,
1600000000100259606,6c0991b3-feda-4463-be89-ec481515a840,chili roasted,1600000000100259607,,2.50,10/6/2025,No,No,014113910934,
1600000000047276819,6ce645f7-35cb-42fe-97da-03e3a45b8ffd,Cappuccino,1600000000047483580,,5.00,9/17/2025,No,No,,
1600000000047526506,6d318963-9584-4df3-852a-fb87d0fbe2b5,French Dip Panini,1600000000047495275,,14.00,9/17/2025,No,No,987898765566,
1600000000047717962,6dfd84d6-fe2d-4097-8cf3-5407581d5a14,$black beans,1600000000047740706,,0.25,9/17/2025,No,Yes,,
1600000000047526513,6e3dbb5e-abc5-4c5d-8cef-7dcde7102a58,Southwest Wrap,1600000000047495282,,14.00,9/17/2025,No,No,645829287593,
1600000000047670872,6e52b3db-7e5b-48ec-938c-1121f2061866,flour tortilla,1600000000047728368,,0.00,9/17/2025,No,Yes,,
1600000000100544082,6f5a9a55-708f-4169-aad9-49bba8ad051c,waterloo tangerine,1600000000100544083,,0.00,10/6/2025,No,No,819215023601,
1600000000100984829,717c5040-8928-4922-b13f-fe9aeaf3586f,starburst,1600000000100984830,,3.00,10/6/2025,No,No,040000000518,
1600000000047490062,728ecee7-1764-47f6-b466-56cd84a0f071,Cilantro-Lime Salad,1600000000047495272,,15.00,9/17/2025,No,No,,
1600000000047746177,763773a1-5645-4c80-a663-b3c6701a1b16,No mushrooms,1600000000047773756,,0.00,9/17/2025,No,Yes,,
1600000000047154137,765d9e12-cf55-4190-962f-94e76021d089,Sunkissed tea,1600000000047211960,,4.00,9/17/2025,No,No,,
1600000000047702854,76db89ec-3fec-4be2-9d49-b2b6e2d01594,$hard boil egg,1600000000047596494,,1.00,9/17/2025,No,Yes,,
1600000000389573313,77ac07ff-5659-4138-89aa-5b1ee93dd6b0,Pasta Salad Special,1600000000388402685,,4.00,11/19/2025,No,No,1111111117,
1600000000049302117,77f8849b-51d0-4ce7-bb0d-c36098a33d83,Fanta,1600000000049345971,,3.00,9/18/2025,No,No,,
1600000000047702859,79737a8c-3192-4d79-a54d-0f3821c6f38e,$blue cheese crumbles,1600000000047596499,,1.50,9/17/2025,No,Yes,,
1600000000065051728,79be2b9b-4bbb-4531-a8ef-5302cc48e7cd,Fanta 7.5 oz,1600000000065051729,,1.75,9/25/2025,No,No,049000061031,
1600000000100284350,7b08a687-6538-4d46-af35-8c74c5bda1f7,guava jarrito,1600000000100284351,,3.95,10/6/2025,No,No,090478410081,
1600000000047729899,7bc7927a-cd9f-4c3e-9efa-f9c198edc0b7,mayo,1600000000047758436,,0.00,9/17/2025,No,Yes,,
1600000000047670881,7bec5975-fd4a-4c0b-9def-da6a8c5bc078,bacon,1600000000047728377,,0.00,9/17/2025,No,Yes,,
1600000000100984863,7c38805d-c233-41bc-af85-12866cf53cfc,ruffles,1600000000100984864,,1.00,10/6/2025,No,No,028400090148,
1600000000047664736,7d3b0e90-c257-4bb5-83f4-8367d3f69d83,Ranch,1600000000047648847,,0.00,9/17/2025,No,Yes,,
1600000000047746190,7de86823-137a-49ba-a2bf-6a67b492f6b6,No ham,1600000000047773769,,0.00,9/17/2025,No,Yes,,
1600000000049295137,7e5fe05d-e7b0-47a7-977e-94e99747baf5,Jalapeno Tuna,1600000000049392624,,14.00,9/18/2025,No,No,,
1600000000047746186,7ea51c3c-c938-4d29-a01b-d7ea1c8acec3,No red onion,1600000000047773765,,0.00,9/17/2025,No,Yes,,
1600000000575487984,7eb22bcc-96f3-47e1-8108-c6f0db867efc,Waterloo trp frt,1600000000575487985,,1.50,12/9/2025,No,No,819215022048,
1600000000388444227,818c9589-3a37-42ce-b251-1934cd9ba81e,Hot Cheeto Fries,1600000000388709831,,1.50,11/19/2025,No,No,028400043014,
1600000000047170997,82567ad5-9973-4551-93ca-38db265a3447,mango,1600000000047456605,,0.00,9/17/2025,No,Yes,,
1600000000047200120,825a17f0-348a-4434-bc00-d0a1f0a93df0,Mocha,1600000000047200119,,6.00,9/17/2025,No,No,,
1600000000047526510,827e7c3c-f2ec-4ead-a9c3-a6544942d38f,California Turkey,1600000000047495279,,14.00,9/17/2025,No,No,125436745674,
1600000000047670880,8368fc96-e233-4d8b-9338-885299df4bdd,cotija cheese,1600000000047728376,,0.00,9/17/2025,No,Yes,,
1600000000100984825,845c9b90-d28d-432d-80d5-66d7c39e8da3,sour skittles,1600000000100984826,,3.00,10/6/2025,No,No,04026606,
1600000000047506807,84bd4cba-f2ed-45eb-8637-9aad56a4901a,Fried Iced Cream,1600000000047472749,,7.00,9/17/2025,No,No,,
1600000000100984819,854d5f73-d710-4ede-9956-ee76eb891fd1,hi chew strawberry,1600000000100984820,,2.50,10/6/2025,No,No,873983000028,
1600000000100984839,859be92e-97b9-4f84-9c7d-18a593d09ebd,peanuts m&m's,1600000000100984840,,3.00,10/6/2025,No,No,040000000327,
1600000000049150308,86825c21-1159-4535-a190-81ee992de5a8,Nilla wafers,1600000000049069732,,10.00,9/18/2025,No,No,044000027346,
1600000000641757731,86e482cc-ac74-4b5e-9e98-2261a1bb02ff,Celcius,1600000000641757732,,4.00,12/15/2025,No,No,889392000320,
1600000000100359578,8779be8c-8751-445f-8704-907497b17be5,butterfingers,1600000000100359579,,3.00,10/6/2025,No,No,099900100873,
1600000000047653013,877ac5c1-46a7-4da2-ac08-a8492eb38872,Chips,1600000000047655279,,0.00,9/17/2025,No,No,,
1600000000047526507,8836c23c-6e29-4fa5-bb1d-507227ac8cf8,Italian Chicken Panini,1600000000047495276,,14.00,9/17/2025,No,No,786785957899,
1600000000047490061,89783d1e-56e1-4f59-98c6-4e605b344fca,Summer Berry salad,1600000000047495271,,15.00,9/17/2025,No,No,,
1600000000047746189,8c1bef95-b690-448d-9a97-2553b819bcb0,No mayo,1600000000047773768,,0.00,9/17/2025,No,Yes,,
1600000000100207987,8c423fdd-6cf6-4cfb-973a-121c6c2112d4,fanta glass,1600000000100207988,,4.75,10/6/2025,No,No,049000047844,
1600000000047095144,8c63bb75-fd60-410c-bfce-2250ce76b5d6,bacon,1600000000047149789,,3.00,9/17/2025,No,Yes,,
1600000000049378343,8c9f7ef9-7578-4a56-b6fc-8c85ade3f041,Trail Mix,1600000000049380065,,4.00,9/18/2025,No,No,,
1600000000047490060,8db66a63-e628-46c0-91bb-35639e69ee27,Southwest Caesar salad,1600000000047495270,,15.00,9/17/2025,No,No,010000000009,
1600000000047095145,8f5b1950-8845-4de4-9dd5-987ef79b52b0,sausage,1600000000047149790,,3.00,9/17/2025,No,Yes,,
1600000000100269950,9018b753-ee19-4a8b-b92f-b70ff2a1dfd5,hot peanuts,1600000000100269951,,2.50,10/6/2025,No,No,028400725163,
1600000000047130466,908a3c38-aff3-4ade-adba-4b6600bfcb2d,Breakfast crossiant,1600000000047099746,,8.00,9/17/2025,No,No,,
1600000000100984847,90e43f55-ebe4-422b-b5bc-70a4923c7f4b,crunch,1600000000100984848,,3.00,10/6/2025,No,No,099900908363,
1600000000047764556,9161da12-adcf-4091-afca-e4d737f56de0,red onion,1600000000047758443,,0.00,9/17/2025,No,Yes,,
1600000000047746183,9223290a-1baf-45f0-90f2-5d7a2ddfdacb,No pickles,1600000000047773762,,0.00,9/17/2025,No,Yes,,
1600000000047095143,934d5799-2150-4f73-8032-6100e0f16e2d,cream cheese,1600000000047149788,,1.00,9/17/2025,No,Yes,,
1600000000100210620,95c40048-046b-4b59-a9f4-786f9754ca30,sprite glass,1600000000100210621,,4.75,10/6/2025,No,No,049000047820,
1600000000575535080,970b95b4-9753-44f5-a05e-74916fdb5aa7,Waterloo Tangerine,1600000000575535081,,1.50,12/9/2025,No,No,819215023601,
1600000000100284279,974fa97f-b23f-47c7-afc0-7bc92344be75,mandarin jarrito,1600000000100284280,,3.95,10/6/2025,No,No,090478410012,
1600000000100984805,97a3ead9-877a-443f-8283-0756674cfa8c,reese's oreo mini,1600000000100984806,,1.25,10/6/2025,No,No,044000083809,
1600000000047287671,97bb9b39-c53c-4fc4-a1a6-4c643278b938,Frozen White chocolate mocha,1600000000047267613,,6.95,9/17/2025,No,No,,
1600000000047506805,985d9a6d-5c91-4914-b6b8-083c6c9fc868,Nilla Waffer pudding,1600000000047472747,,7.00,9/17/2025,No,No,654378987656,
1600000000100984859,9976299c-ac20-460f-be12-7b89539e6860,fritos,1600000000100984860,,1.00,10/6/2025,No,No,028400040037,
1600000000886491602,9a4e00ef-197a-4a5b-871c-1236a2578400,Celsius Artic,1600000000886006941,,4.00,1/7/2026,No,No,889392021417,
1600000000100984831,9adbc58f-3379-4b49-86c0-15fd6f69f6f9,starburst favereds,1600000000100984832,,3.00,10/6/2025,No,No,040000009702,
1600000000065036598,9bd58708-dfbe-4808-8cc0-3fc3fcfb3f6c,Diet coke,1600000000065036599,,3.00,9/25/2025,No,No,04965802,
1600000000386964926,9c660148-f98d-40de-b5a8-17931bcac2e9,Chicken salad,1600000000386887142,,8.00,11/19/2025,No,No,1111111119,
1600000000100984823,a033e3d2-3ac2-4c3e-b55d-647e78034405,skittles,1600000000100984824,,3.00,10/6/2025,No,No,040000001607,
1600000000047211589,a1a483a4-1749-4f2c-939f-7458fbd6ca24,Cafe Latte,1600000000047187377,,5.00,9/17/2025,No,No,,
1600000000047729888,a221ee1d-b330-4b70-b647-3d34f9107a3e,$grilled onions,1600000000047758425,,0.50,9/17/2025,No,Yes,,
1600000000047729889,a28de316-a448-4cc8-be67-6c923a195460,$mushrooms,1600000000047758426,,1.00,9/17/2025,No,Yes,,
1600000000047746178,a2cdbfee-2096-4725-9893-f48d09987da1,No pesto,1600000000047773757,,0.00,9/17/2025,No,Yes,,
1600000000100984817,a3b5eace-5f7b-4bce-a3b1-e27b1c038010,hi chew green apple,1600000000100984818,,2.50,10/6/2025,No,No,873983000035,
1600000000047492381,a3f3fb19-164e-44d2-a9af-0c6b9f0eae3b,Blue Hawaiian,1600000000047536577,,6.95,9/17/2025,No,No,,
1600000000047526509,a4356baf-46f0-4d33-8b2f-4e6b9bd63bb6,Turkey grill,1600000000047495278,,14.00,9/17/2025,No,No,343526768895,
1600000000100295201,a4dad346-fd42-4948-af2e-fb26f295bf6d,pain au chocolat,1600000000100295202,,2.50,10/6/2025,No,No,850004281123,
1600000000047492382,a6241dfb-1d70-4ce4-9a5d-de93bd5649bd,Lava Flow,1600000000047536578,,6.95,9/17/2025,No,No,,
1600000000047170996,a632e36f-a1fc-405d-90d0-b013b43263d1,blueberry,1600000000047456604,,0.00,9/17/2025,No,Yes,,
1600000000065044402,a7086795-4255-4ea3-9afa-1e23b33ea381,Arizona fruit punch,1600000000065044403,,3.00,9/25/2025,No,No,613008751302,
1600000000047664737,a7518ab2-a281-4ae4-b4fa-1f986f8ab120,Thai sauce,1600000000047648848,,0.00,9/17/2025,No,Yes,,
1600000000047729893,a810dce9-809a-4cf9-b290-8ca597cbf4ec,$pesto,1600000000047758430,,1.00,9/17/2025,No,Yes,,
1600000000049295134,a94f0a1b-3235-448e-a466-e91af7c4bc28,Italian Chicken Panini,1600000000049392621,,14.00,9/18/2025,No,No,,
1600000000100982639,a97e372c-b35e-440c-9186-173a06a1325a,pistachio salted,1600000000100982640,,2.50,10/6/2025,No,No,014113910712,
1600000000047670866,a9b80edb-a8c0-4a60-90cc-880801705736,blue cheese crumbles,1600000000047728362,,0.00,9/17/2025,No,Yes,,
1600000000101109663,aa7794c1-a7a5-4add-8e45-977a7a63fa7d,soda water,1600000000101109664,,1.50,10/6/2025,No,No,898195001120,
1600000000049295133,aab61af0-fdbb-4ce6-9d0d-b6c23c00312a,French Dip Panini,1600000000049392620,,14.00,9/18/2025,No,No,,
1600000000047154135,ab3a7e2b-c2c4-44a2-b16e-633761f082ee,Tropical Iced tea,1600000000047211958,,4.00,9/17/2025,No,No,,
1600000000100310298,acacb999-8a53-4f20-8239-4d0e33577654,hi chew grape,1600000000100310299,,2.50,10/6/2025,No,No,873983000011,
1600000000047702860,acf561ca-6508-4654-b514-9ad6877e6119,$feta cheese,1600000000047717950,,1.50,9/17/2025,No,Yes,,
1600000000100327474,ad4eb72a-b548-41e1-a1e6-67a8dd51e877,starburst,1600000000100327475,,3.00,10/6/2025,No,No,040000000518,
1600000000049402153,ae45cc83-d1be-4b1d-ad73-62be86b78560,Breakfast Burrito,1600000000049301581,,10.00,9/18/2025,No,No,999876543226,
1600000000100314773,af2aeee4-ab47-4a1d-a459-1664679d6a0c,hi chew strawberry,1600000000100314774,,2.50,10/6/2025,No,No,873983000028,
1600000000100224115,afceb16d-305b-47d7-851f-6f9d455577ac,pepsi bottle,1600000000100224116,,3.50,10/6/2025,No,No,012000182563,
1600000000047211588,b0cff651-01c7-4c3b-b0e7-49128bce89cc,Double Expresso,1600000000047187376,,4.00,9/17/2025,No,No,,
1600000000047746185,b11080e8-f285-4f43-a701-35473a625eb5,No peppers,1600000000047773764,,0.00,9/17/2025,No,Yes,,
1600000000100984867,b1e50d7b-a235-4779-9eaa-de72f2f6d4e2,Doritos,1600000000100984868,,1.00,10/6/2025,No,No,028400090896,
1600000000100372265,b1e5a322-426b-4761-86fa-08609c232710,fritos,1600000000100372266,,1.00,10/6/2025,No,No,028400040037,
1600000000047670879,b295b7bc-a47f-4afe-9514-9e5b5fbaac6e,Jack cheese,1600000000047728375,,0.00,9/17/2025,No,Yes,,
1600000000047746182,b2fdee66-6159-4f0d-b6dd-5eeef5daa18c,No mozarella,1600000000047773761,,0.00,9/17/2025,No,Yes,,
1600000000065041450,b47efed6-1367-44b5-a95d-e2268b65d359,Arizona watermelon,1600000000065041451,,3.00,9/25/2025,No,No,613008751272,
1600000000100982647,b573266d-802d-446d-8898-9f5dd43931c8,salt & lime peanuts,1600000000100982648,,2.50,10/6/2025,No,No,028400261531,
1600000000020573988,b9c85e4e-886a-445f-8188-97f252f26a40,Open Food,1600000000020573989,,0.00,9/2/2025,No,No,,
1600000000047746174,ba1725ed-6fa2-464f-98af-d35755850083,No swiss,1600000000047773753,,0.00,9/17/2025,No,Yes,,
1600000000100982637,ba413aa2-d0b5-42f2-af38-d3a1569794ab,pistachio salt & vinagre,1600000000100982638,,2.50,10/6/2025,No,No,014113700467,
1600000000575520602,bb1d031e-bd7f-41bf-97d9-cf753761d0d6,Liquid Death Berry,1600000000575520603,,2.00,12/9/2025,No,No,850031700000,
1600000000049302116,bbbfa1fd-9753-4f2b-8ccf-5d0db20e3ca3,Dr. Pepper,1600000000049345970,,3.00,9/18/2025,No,No,,
1600000000047729892,bbddb1e7-fb47-418e-af2e-fdaa903b4cab,$double chicken,1600000000047758429,,5.00,9/17/2025,No,Yes,,
1600000000047670883,bc32c2b1-3ab8-4b46-bc07-e7cfb4ce0fa8,spinach,1600000000047728379,,0.00,9/17/2025,No,Yes,,
1600000000047729891,bd950037-780c-4951-b0e4-6b9e84a48a1c,$double roast,1600000000047758428,,5.00,9/17/2025,No,Yes,,
1600000000100982649,bea2c9ae-87c5-419c-aaf4-36d61a00e553,hot peanuts,1600000000100984800,,2.50,10/6/2025,No,No,028400725163,
1600000000100546959,bf09ad7b-3cee-44be-94c0-985adffa3093,waterloo guava,1600000000100546960,,0.00,10/6/2025,No,No,819215023618,
1600000000049295141,bfb341d0-e343-4321-90be-24c3d95797d5,Southwest Quesadilla,1600000000049392628,,15.00,9/18/2025,No,No,,
1600000000047670869,c1959b01-6ce0-4839-a863-33dfb3242feb,chicken,1600000000047728365,,0.00,9/17/2025,No,Yes,,
1600000000049323643,c24d45cb-0f0c-4c6e-b117-b612feeb0d58,Bagel cream cheese,1600000000049302134,,7.00,9/18/2025,No,No,789123456771,
1600000000049295139,c27ef2cf-f3b5-45a8-9a3b-6ba112bfa219,Southwest Caesar Wrap,1600000000049392626,,14.00,9/18/2025,No,No,,
1600000000047746180,c3a9bdb9-1493-404c-a42d-2d31b98f8e68,No bacon,1600000000047773759,,0.00,9/17/2025,No,Yes,,
1600000000100374726,c4e788fc-628e-4f95-be48-49b63f52ede0,sour cream & onion,1600000000100374727,,1.00,10/6/2025,No,No,028400090889,
1600000000100982627,c5347796-104f-442c-b50a-4bd0f782d4a9,Trail Mix,1600000000100982628,,4.00,10/6/2025,No,No,,
1600000000047526515,c705bc19-87a0-4d88-b570-4542d8b9c268,Classic club,1600000000047495284,,15.00,9/17/2025,No,No,586337995788,
1600000000885969283,c7f42897-e969-4581-b453-1007a5366362,Celsius Peach,1600000000885831398,,4.00,1/7/2026,No,No,889392010190,
1600000000641793838,c8828b60-fca7-46b0-91d0-e4ee5d0992f7,Sprite,1600000000641793839,,3.00,12/15/2025,No,No,04913207,
1600000000047200941,c884c96c-45d9-42f4-bc24-87995567927b,Soda,1600000000047517984,,5.00,9/17/2025,No,No,,
1600000000049323644,c885933e-6e70-4813-baaa-2bb491f25323,Bagel Box,1600000000049302135,,10.00,9/18/2025,No,No,678912345672,
1600000000047717964,c8a3e017-6646-4e5f-a41c-a2d2f3571738,$croutons,1600000000047740708,,0.25,9/17/2025,No,Yes,,
1600000000100275869,cb162eee-5a7a-4eb6-93ef-f54c000e06c2,rice krispies,1600000000100275870,,2.00,10/6/2025,No,No,038000765414,
1600000000047524206,cba2fcb9-2479-46e9-8759-13b8956e08a6,Whey protein,1600000000047535573,,0.00,9/17/2025,No,Yes,,
1600000000047653015,cbf46f00-1426-40a2-9f61-03f87c000b8a,pasta salad,1600000000047655281,,0.00,9/17/2025,No,No,,
1600000000047066649,cc236f0d-709b-4550-b9b9-9d8d10dc1deb,Bagel,1600000000047204227,,6.00,9/17/2025,No,No,,
1600000000047717961,cc2f4dbc-7729-4678-acb5-baa171427b30,$berries,1600000000047740705,,1.00,9/17/2025,No,Yes,,
1600000000049369212,ccf7e482-2f9d-4afe-897b-c690ddd3e7b9,Southwest Caesar Salad,1600000000049364507,,15.00,9/18/2025,No,No,100000000007,
1600000000047211592,cdc66c8d-5714-478e-915e-7181cd202e1b,Vanilla cold foam,1600000000047187380,,6.00,9/17/2025,No,No,,
1600000000100351998,cde4fbdf-cdd1-4c5d-833a-b0678c0df95c,crunch,1600000000100351999,,3.00,10/6/2025,No,No,099900908363,
1600000000047670878,ce42e923-7c59-4348-bff1-6f013666b9a2,black beans,1600000000047728374,,0.00,9/17/2025,No,Yes,,
1600000000100984801,ce5f758f-c8ea-4b85-beb2-b74dd86bec45,rice krispies,1600000000100984802,,2.00,10/6/2025,No,No,038000765414,
1600000000047287672,ce78e516-bf88-401b-8545-8b3056d073fb,Frozen Caramel Mocha,1600000000047267614,,6.95,9/17/2025,No,No,,
1600000000100347125,cf838942-04c3-4ba1-8c09-a458e6e9eec5,snickers,1600000000100347126,,3.00,10/6/2025,No,No,040000424314,
1600000000020573990,d09f4b68-8168-468d-9cff-015151cb00a3,Open Drink,1600000000020573991,,0.00,9/2/2025,No,No,,
1600000000047211587,d26561e5-1445-4a00-b04c-44e1b337d437,House blend,1600000000047187375,,4.00,9/17/2025,No,No,,
1600000000047492380,d3a0a504-a68a-4631-8661-5e26cdfda420,Sun Burn,1600000000047536576,,6.95,9/17/2025,No,No,,
1600000000047717965,d454b66f-9646-470a-98e8-a1eb9f886d4b,$jack cheese,1600000000047740709,,1.00,9/17/2025,No,Yes,,
1600000000047526512,d45de98e-62a1-4869-a739-6668520ffa98,Chicken Pita,1600000000047495281,,14.00,9/17/2025,No,No,454678894339,
1600000000100336512,d539c1c3-d146-4c40-b5e6-261fac5accf8,berries fruit snacks,1600000000100336513,,2.75,10/6/2025,No,No,034856028925,
1600000000047490064,d5cd6580-775c-4561-b648-8ce4f30d119a,Thai Pasta Salad,1600000000047495274,,15.00,9/17/2025,No,No,,
1600000000047729895,d60741fb-6db4-4e0e-b2a8-452c9581cab6,$avocado,1600000000047758432,,2.00,9/17/2025,No,Yes,,
1600000000100984815,d78ffd2f-e465-4115-89fc-0c7e44d8fbe7,hi chew grape,1600000000100984816,,2.50,10/6/2025,No,No,873983000011,
1600000000100984851,daa7f5b4-036c-458d-b737-dbe49d6b2be3,kinder bueno,1600000000100984852,,3.00,10/6/2025,No,No,009800000555,
1600000000100309058,dc764856-ca89-40ce-b920-e40d7c1d2168,hi chew watermelon,1600000000100309059,,2.50,10/6/2025,No,No,851681008669,
1600000000047717960,dd294376-f7cc-4982-ab97-c81a1e0e932a,$tortilla strips,1600000000047740704,,0.50,9/17/2025,No,Yes,,
1600000000100265440,dd862612-094f-4147-a172-80804950e979,salt & lime peanuts,1600000000100265441,,2.50,10/6/2025,No,No,028400261531,
1600000000100984811,de2690ee-c327-41be-bf28-3c159895ed9a,hi chew watermelon,1600000000100984812,,2.50,10/6/2025,No,No,851681008669,
1600000000049323645,df010fb8-ad28-4533-9c11-27356fbaedae,Breakfast Crossaint,1600000000049302136,,8.00,9/18/2025,No,No,456789998760,
1600000000047526516,df33713b-ce4c-4922-9886-d24f5600c7ae,Southwest Quesadilla,1600000000047495285,,15.00,9/17/2025,No,No,698879435117,
1600000000049369215,e068d3f0-0248-48c6-9d99-4da2748f6a08,Cobb Salad,1600000000049364510,,15.00,9/18/2025,No,No,111111111124,
1600000000047506806,e0b6b56c-6ac4-4996-a93e-266ace7f3287,Strawberry Shortcake,1600000000047472748,,7.00,9/17/2025,No,No,127865545467,
1600000000047490063,e0f19050-c512-4177-b141-8ebe51a515b7,Cobb salad,1600000000047495273,,15.00,9/17/2025,No,No,,
1600000000867521693,e1598f5b-c44e-4fe8-b384-ca6c6a20e07c,White Chocolate Mocha,1600000000867521694,,6.00,1/5/2026,No,No,,
1600000000100984865,e1ea2ed7-2e59-49d0-ae88-6c0afd0c9903,cheetos,1600000000100984866,,1.00,10/6/2025,No,No,028400040112,
1600000000100341788,e2564637-b802-4d14-b95e-e68cdc573e6a,peanuts m&m's,1600000000100341789,,3.00,10/6/2025,No,No,040000000327,
1600000000100984833,e3544402-4bd3-4894-bb9b-dc2011856740,fruit snacks,1600000000100984834,,2.75,10/6/2025,No,No,034856028987,
1600000000047287673,e4eb9fa8-7de2-4379-908d-e459c6b2e00e,Frozen Dirty Chai,1600000000047267615,,6.95,9/17/2025,No,No,,
1600000000047702857,e8d77dd4-92fc-494d-aa48-bc792dfd9ef7,$avocado,1600000000047596497,,2.00,9/17/2025,No,Yes,,
1600000000047729897,e8eb0d44-49ac-4fdc-907e-2a9ef887f581,$cheddar,1600000000047758434,,1.00,9/17/2025,No,Yes,,
1600000000389556481,eaa40473-0942-4382-a1ca-c872f12a1e2d,Hot Cheetos Limon,1600000000389556482,,1.50,11/19/2025,No,No,028400047920,
1600000000047668556,eb3f2445-e3df-4372-95c0-a859915b93a0,Chips,1600000000047635074,,0.00,9/17/2025,No,Yes,,
1600000000100266405,eb85f99c-1f80-4470-93ec-014d00c70130,spicy peanuts,1600000000100266406,,2.50,10/6/2025,No,No,028400261548,
1600000000100984857,eec8e04f-ad7c-410e-9209-df7507dc8351,honey buns,1600000000100984858,,3.00,10/6/2025,No,No,085264820212,
1600000000047664735,efa75949-aadf-47d4-8a97-67900c8cfa25,Cilantro lime dressing,1600000000047648846,,0.00,9/17/2025,No,Yes,,
1600000000100306651,f003b51f-89bd-45ae-b987-8eda5e49bf92,aussie bites,1600000000100306652,,1.00,10/6/2025,No,No,731216104649,
1600000000047526511,f1070fc1-bcf6-4451-9f20-dfd9a8e1317a,Jalapeno Tuna,1600000000047495280,,14.00,9/17/2025,No,No,565790079952,
1600000000100246967,f1571afe-53d8-413a-88be-828111ede33c,pistachio salt & vinagre,1600000000100246968,,2.50,10/6/2025,No,No,014113700467,
1600000000100321984,f1dd1aa1-29b6-4bc5-b80d-29e5ec621a28,tropical skittles,1600000000100321985,,3.00,10/6/2025,No,No,040000001638,
1600000000047746187,f2afbeb3-d3cb-4a07-8c2c-c59e81976be1,No roast,1600000000047773766,,0.00,9/17/2025,No,Yes,,
1600000000047067888,f48d5465-1bf9-41eb-b872-244f31f6e660,lavender,1600000000047225558,,0.00,9/17/2025,No,Yes,,
1600000000100982629,f6532449-a1e5-4876-b5b2-656bfe243753,Soda,1600000000100982630,,5.00,10/6/2025,No,No,,
1600000000100984835,f831ff0f-fb82-444d-b7f1-ffabd5d6f2c0,berries fruit snacks,1600000000100984836,,2.75,10/6/2025,No,No,034856028925,
1600000000047702856,f863c9d8-9344-4549-9256-0d17b26035bf,$bacon bites,1600000000047596496,,1.00,9/17/2025,No,Yes,,
1600000000100279705,fa387882-273a-4e35-aac4-aa67d6328aa1,double stuf oreo mini,1600000000100279706,,1.25,10/6/2025,No,No,044000060718,
1600000000100356772,fa3b20c5-d0ab-485c-b11e-12705515f808,kinder bueno,1600000000100356773,,3.00,10/6/2025,No,No,009800000555,
1600000000100263913,faf14dd5-95c7-491c-8d7f-3d45e15a0a0c,japanese peanuts,1600000000100263914,,2.50,10/6/2025,No,No,028400261555,
1600000000100361836,fbeb0e80-0f26-4757-91a6-66cd2b6c8ab5,honey buns,1600000000100361837,,3.00,10/6/2025,No,No,085264820212,
1600000000100984813,fc1124b8-9840-4143-b388-55128e0c503d,hi chew mango,1600000000100984814,,2.50,10/6/2025,No,No,873983000059,
1600000000100280693,fdff755f-7f42-4f8a-81a9-ff2c7e03cfcd,reese's oreo mini,1600000000100280694,,1.25,10/6/2025,No,No,044000083809,
1600000000047670867,fe75add1-c489-4b82-a4ee-6b6f0cad78bf,hard boil egg,1600000000047728363,,0.00,9/17/2025,No,Yes,,
1600000000047717963,ff957fbb-cf19-4cc9-bb54-34b0c0f440d6,$tomato,1600000000047740707,,0.25,9/17/2025,No,Yes,,
